<?xml version="1.0" encoding="UTF-8"?>
<spirit:component xmlns:xilinx="http://www.xilinx.com" xmlns:spirit="http://www.spiritconsortium.org/XMLSchema/SPIRIT/1685-2009" xmlns:xsi="http://www.w3.org/2001/XMLSchema-instance">
  <spirit:vendor>xilinx.com</spirit:vendor>
  <spirit:library>customized_ip</spirit:library>
  <spirit:name>base_dff_en_reset_vector_0_1</spirit:name>
  <spirit:version>1.0</spirit:version>
  <spirit:model>
    <spirit:views>
      <spirit:view>
        <spirit:name>xilinx_anylanguagesynthesis</spirit:name>
        <spirit:displayName>Synthesis</spirit:displayName>
        <spirit:envIdentifier>:vivado.xilinx.com:synthesis</spirit:envIdentifier>
        <spirit:modelName>dff_en_reset_vector</spirit:modelName>
        <spirit:fileSetRef>
          <spirit:localName>xilinx_anylanguagesynthesis_view_fileset</spirit:localName>
        </spirit:fileSetRef>
        <spirit:parameters>
          <spirit:parameter>
            <spirit:name>GENtimestamp</spirit:name>
            <spirit:value>Sat Feb 02 18:57:04 UTC 2019</spirit:value>
          </spirit:parameter>
          <spirit:parameter>
            <spirit:name>outputProductCRC</spirit:name>
            <spirit:value>8:920ae135</spirit:value>
          </spirit:parameter>
        </spirit:parameters>
      </spirit:view>
      <spirit:view>
        <spirit:name>xilinx_verilogsynthesiswrapper</spirit:name>
        <spirit:displayName>Verilog Synthesis Wrapper</spirit:displayName>
        <spirit:envIdentifier>verilogSource:vivado.xilinx.com:synthesis.wrapper</spirit:envIdentifier>
        <spirit:language>verilog</spirit:language>
        <spirit:modelName>base_dff_en_reset_vector_0_1</spirit:modelName>
        <spirit:fileSetRef>
          <spirit:localName>xilinx_verilogsynthesiswrapper_view_fileset</spirit:localName>
        </spirit:fileSetRef>
        <spirit:parameters>
          <spirit:parameter>
            <spirit:name>GENtimestamp</spirit:name>
            <spirit:value>Sat Feb 02 18:57:11 UTC 2019</spirit:value>
          </spirit:parameter>
          <spirit:parameter>
            <spirit:name>outputProductCRC</spirit:name>
            <spirit:value>8:920ae135</spirit:value>
          </spirit:parameter>
        </spirit:parameters>
      </spirit:view>
      <spirit:view>
        <spirit:name>xilinx_anylanguagebehavioralsimulation</spirit:name>
        <spirit:displayName>Simulation</spirit:displayName>
        <spirit:envIdentifier>:vivado.xilinx.com:simulation</spirit:envIdentifier>
        <spirit:modelName>dff_en_reset_vector</spirit:modelName>
        <spirit:fileSetRef>
          <spirit:localName>xilinx_anylanguagebehavioralsimulation_view_fileset</spirit:localName>
        </spirit:fileSetRef>
        <spirit:parameters>
          <spirit:parameter>
            <spirit:name>GENtimestamp</spirit:name>
            <spirit:value>Sat Feb 02 18:57:04 UTC 2019</spirit:value>
          </spirit:parameter>
          <spirit:parameter>
            <spirit:name>outputProductCRC</spirit:name>
            <spirit:value>8:310ef3df</spirit:value>
          </spirit:parameter>
        </spirit:parameters>
      </spirit:view>
      <spirit:view>
        <spirit:name>xilinx_verilogsimulationwrapper</spirit:name>
        <spirit:displayName>Verilog Simulation Wrapper</spirit:displayName>
        <spirit:envIdentifier>verilogSource:vivado.xilinx.com:simulation.wrapper</spirit:envIdentifier>
        <spirit:language>verilog</spirit:language>
        <spirit:modelName>base_dff_en_reset_vector_0_1</spirit:modelName>
        <spirit:fileSetRef>
          <spirit:localName>xilinx_verilogsimulationwrapper_view_fileset</spirit:localName>
        </spirit:fileSetRef>
        <spirit:parameters>
          <spirit:parameter>
            <spirit:name>GENtimestamp</spirit:name>
            <spirit:value>Sat Feb 02 18:57:11 UTC 2019</spirit:value>
          </spirit:parameter>
          <spirit:parameter>
            <spirit:name>outputProductCRC</spirit:name>
            <spirit:value>8:310ef3df</spirit:value>
          </spirit:parameter>
        </spirit:parameters>
      </spirit:view>
      <spirit:view>
        <spirit:name>xilinx_externalfiles</spirit:name>
        <spirit:displayName>External Files</spirit:displayName>
        <spirit:envIdentifier>:vivado.xilinx.com:external.files</spirit:envIdentifier>
        <spirit:fileSetRef>
          <spirit:localName>xilinx_externalfiles_view_fileset</spirit:localName>
        </spirit:fileSetRef>
        <spirit:parameters>
          <spirit:parameter>
            <spirit:name>GENtimestamp</spirit:name>
            <spirit:value>Sat Feb 02 19:20:55 UTC 2019</spirit:value>
          </spirit:parameter>
          <spirit:parameter>
            <spirit:name>outputProductCRC</spirit:name>
            <spirit:value>8:920ae135</spirit:value>
          </spirit:parameter>
        </spirit:parameters>
      </spirit:view>
    </spirit:views>
    <spirit:ports>
      <spirit:port>
        <spirit:name>d</spirit:name>
        <spirit:wire>
          <spirit:direction>in</spirit:direction>
          <spirit:vector>
            <spirit:left spirit:format="long" spirit:resolve="dependent" spirit:dependency="(spirit:decode(id(&apos;MODELPARAM_VALUE.SIZE&apos;)) - 1)">0</spirit:left>
            <spirit:right spirit:format="long">0</spirit:right>
          </spirit:vector>
          <spirit:wireTypeDefs>
            <spirit:wireTypeDef>
              <spirit:typeName>wire</spirit:typeName>
              <spirit:viewNameRef>xilinx_anylanguagesynthesis</spirit:viewNameRef>
              <spirit:viewNameRef>xilinx_anylanguagebehavioralsimulation</spirit:viewNameRef>
            </spirit:wireTypeDef>
          </spirit:wireTypeDefs>
        </spirit:wire>
      </spirit:port>
      <spirit:port>
        <spirit:name>clk</spirit:name>
        <spirit:wire>
          <spirit:direction>in</spirit:direction>
          <spirit:wireTypeDefs>
            <spirit:wireTypeDef>
              <spirit:typeName>wire</spirit:typeName>
              <spirit:viewNameRef>xilinx_anylanguagesynthesis</spirit:viewNameRef>
              <spirit:viewNameRef>xilinx_anylanguagebehavioralsimulation</spirit:viewNameRef>
            </spirit:wireTypeDef>
          </spirit:wireTypeDefs>
        </spirit:wire>
      </spirit:port>
      <spirit:port>
        <spirit:name>en</spirit:name>
        <spirit:wire>
          <spirit:direction>in</spirit:direction>
          <spirit:wireTypeDefs>
            <spirit:wireTypeDef>
              <spirit:typeName>wire</spirit:typeName>
              <spirit:viewNameRef>xilinx_anylanguagesynthesis</spirit:viewNameRef>
              <spirit:viewNameRef>xilinx_anylanguagebehavioralsimulation</spirit:viewNameRef>
            </spirit:wireTypeDef>
          </spirit:wireTypeDefs>
        </spirit:wire>
      </spirit:port>
      <spirit:port>
        <spirit:name>reset</spirit:name>
        <spirit:wire>
          <spirit:direction>in</spirit:direction>
          <spirit:wireTypeDefs>
            <spirit:wireTypeDef>
              <spirit:typeName>wire</spirit:typeName>
              <spirit:viewNameRef>xilinx_anylanguagesynthesis</spirit:viewNameRef>
              <spirit:viewNameRef>xilinx_anylanguagebehavioralsimulation</spirit:viewNameRef>
            </spirit:wireTypeDef>
          </spirit:wireTypeDefs>
        </spirit:wire>
      </spirit:port>
      <spirit:port>
        <spirit:name>q</spirit:name>
        <spirit:wire>
          <spirit:direction>out</spirit:direction>
          <spirit:vector>
            <spirit:left spirit:format="long" spirit:resolve="dependent" spirit:dependency="(spirit:decode(id(&apos;MODELPARAM_VALUE.SIZE&apos;)) - 1)">0</spirit:left>
            <spirit:right spirit:format="long">0</spirit:right>
          </spirit:vector>
          <spirit:wireTypeDefs>
            <spirit:wireTypeDef>
              <spirit:typeName>reg</spirit:typeName>
              <spirit:viewNameRef>xilinx_anylanguagesynthesis</spirit:viewNameRef>
              <spirit:viewNameRef>xilinx_anylanguagebehavioralsimulation</spirit:viewNameRef>
            </spirit:wireTypeDef>
          </spirit:wireTypeDefs>
        </spirit:wire>
      </spirit:port>
    </spirit:ports>
    <spirit:modelParameters>
      <spirit:modelParameter xsi:type="spirit:nameValueTypeType" spirit:dataType="integer">
        <spirit:name>SIZE</spirit:name>
        <spirit:displayName>Size</spirit:displayName>
        <spirit:value spirit:format="long" spirit:resolve="generated" spirit:id="MODELPARAM_VALUE.SIZE">1</spirit:value>
      </spirit:modelParameter>
      <spirit:modelParameter spirit:dataType="integer">
        <spirit:name>DELAY</spirit:name>
        <spirit:displayName>Delay</spirit:displayName>
        <spirit:value spirit:format="long" spirit:resolve="generated" spirit:id="MODELPARAM_VALUE.DELAY">3</spirit:value>
      </spirit:modelParameter>
    </spirit:modelParameters>
  </spirit:model>
  <spirit:fileSets>
    <spirit:fileSet>
      <spirit:name>xilinx_anylanguagesynthesis_view_fileset</spirit:name>
      <spirit:file>
        <spirit:name>../../ipshared/10e3/dff_en_reset_vector.v</spirit:name>
        <spirit:fileType>verilogSource</spirit:fileType>
      </spirit:file>
    </spirit:fileSet>
    <spirit:fileSet>
      <spirit:name>xilinx_verilogsynthesiswrapper_view_fileset</spirit:name>
      <spirit:file>
        <spirit:name>synth/base_dff_en_reset_vector_0_1.v</spirit:name>
        <spirit:fileType>verilogSource</spirit:fileType>
        <spirit:logicalName>xil_defaultlib</spirit:logicalName>
      </spirit:file>
    </spirit:fileSet>
    <spirit:fileSet>
      <spirit:name>xilinx_anylanguagebehavioralsimulation_view_fileset</spirit:name>
      <spirit:file>
        <spirit:name>../../ipshared/10e3/dff_en_reset_vector.v</spirit:name>
        <spirit:fileType>verilogSource</spirit:fileType>
      </spirit:file>
    </spirit:fileSet>
    <spirit:fileSet>
      <spirit:name>xilinx_verilogsimulationwrapper_view_fileset</spirit:name>
      <spirit:file>
        <spirit:name>sim/base_dff_en_reset_vector_0_1.v</spirit:name>
        <spirit:fileType>verilogSource</spirit:fileType>
        <spirit:logicalName>xil_defaultlib</spirit:logicalName>
      </spirit:file>
    </spirit:fileSet>
    <spirit:fileSet>
      <spirit:name>xilinx_externalfiles_view_fileset</spirit:name>
      <spirit:file>
        <spirit:name>base_dff_en_reset_vector_0_1.dcp</spirit:name>
        <spirit:userFileType>dcp</spirit:userFileType>
        <spirit:userFileType>USED_IN_implementation</spirit:userFileType>
        <spirit:userFileType>USED_IN_synthesis</spirit:userFileType>
        <spirit:logicalName>xil_defaultlib</spirit:logicalName>
      </spirit:file>
      <spirit:file>
        <spirit:name>base_dff_en_reset_vector_0_1_stub.v</spirit:name>
        <spirit:fileType>verilogSource</spirit:fileType>
        <spirit:userFileType>USED_IN_synth_blackbox_stub</spirit:userFileType>
        <spirit:logicalName>xil_defaultlib</spirit:logicalName>
      </spirit:file>
      <spirit:file>
        <spirit:name>base_dff_en_reset_vector_0_1_stub.vhdl</spirit:name>
        <spirit:fileType>vhdlSource</spirit:fileType>
        <spirit:userFileType>USED_IN_synth_blackbox_stub</spirit:userFileType>
        <spirit:logicalName>xil_defaultlib</spirit:logicalName>
      </spirit:file>
      <spirit:file>
        <spirit:name>base_dff_en_reset_vector_0_1_sim_netlist.v</spirit:name>
        <spirit:fileType>verilogSource</spirit:fileType>
        <spirit:userFileType>USED_IN_simulation</spirit:userFileType>
        <spirit:userFileType>USED_IN_single_language</spirit:userFileType>
        <spirit:logicalName>xil_defaultlib</spirit:logicalName>
      </spirit:file>
      <spirit:file>
        <spirit:name>base_dff_en_reset_vector_0_1_sim_netlist.vhdl</spirit:name>
        <spirit:fileType>vhdlSource</spirit:fileType>
        <spirit:userFileType>USED_IN_simulation</spirit:userFileType>
        <spirit:userFileType>USED_IN_single_language</spirit:userFileType>
        <spirit:logicalName>xil_defaultlib</spirit:logicalName>
      </spirit:file>
    </spirit:fileSet>
  </spirit:fileSets>
  <spirit:description>DFF having vector input and output, and with Enable and Reset</spirit:description>
  <spirit:parameters>
    <spirit:parameter>
      <spirit:name>SIZE</spirit:name>
      <spirit:displayName>Size</spirit:displayName>
      <spirit:value spirit:format="long" spirit:resolve="user" spirit:id="PARAM_VALUE.SIZE">1</spirit:value>
    </spirit:parameter>
    <spirit:parameter>
      <spirit:name>DELAY</spirit:name>
      <spirit:displayName>Delay</spirit:displayName>
      <spirit:value spirit:format="long" spirit:resolve="user" spirit:id="PARAM_VALUE.DELAY">3</spirit:value>
    </spirit:parameter>
    <spirit:parameter>
      <spirit:name>Component_Name</spirit:name>
      <spirit:value spirit:resolve="user" spirit:id="PARAM_VALUE.Component_Name" spirit:order="1">base_dff_en_reset_vector_0_1</spirit:value>
    </spirit:parameter>
  </spirit:parameters>
  <spirit:vendorExtensions>
    <xilinx:coreExtensions>
      <xilinx:displayName>dff_en_reset_vector</xilinx:displayName>
      <xilinx:definitionSource>package_project</xilinx:definitionSource>
      <xilinx:coreRevision>3</xilinx:coreRevision>
      <xilinx:tags>
        <xilinx:tag xilinx:name="nopcore"/>
        <xilinx:tag xilinx:name="xilinx.com:user:dff_en_reset_vector:1.0_ARCHIVE_LOCATION">c:/xup/PYNQ_2_1_2017_4/ip_update/dff_en_reset_vector_1.0</xilinx:tag>
      </xilinx:tags>
      <xilinx:configElementInfos>
        <xilinx:configElementInfo xilinx:referenceId="PARAM_VALUE.SIZE" xilinx:valueSource="user"/>
      </xilinx:configElementInfos>
    </xilinx:coreExtensions>
    <xilinx:packagingInfo>
      <xilinx:xilinxVersion>2017.4</xilinx:xilinxVersion>
      <xilinx:checksum xilinx:scope="fileGroups" xilinx:value="fc58de98"/>
      <xilinx:checksum xilinx:scope="ports" xilinx:value="de88f8cc"/>
      <xilinx:checksum xilinx:scope="hdlParameters" xilinx:value="fbdd5d88"/>
      <xilinx:checksum xilinx:scope="parameters" xilinx:value="3485821e"/>
    </xilinx:packagingInfo>
  </spirit:vendorExtensions>
</spirit:component>
